-- MariaDB dump 10.17  Distrib 10.4.11-MariaDB, for Win64 (AMD64)
--
-- Host: localhost    Database: test
-- ------------------------------------------------------
-- Server version	10.4.11-MariaDB

/*!40101 SET @OLD_CHARACTER_SET_CLIENT=@@CHARACTER_SET_CLIENT */;
/*!40101 SET @OLD_CHARACTER_SET_RESULTS=@@CHARACTER_SET_RESULTS */;
/*!40101 SET @OLD_COLLATION_CONNECTION=@@COLLATION_CONNECTION */;
/*!40101 SET NAMES utf8mb4 */;
/*!40103 SET @OLD_TIME_ZONE=@@TIME_ZONE */;
/*!40103 SET TIME_ZONE='+00:00' */;
/*!40014 SET @OLD_UNIQUE_CHECKS=@@UNIQUE_CHECKS, UNIQUE_CHECKS=0 */;
/*!40014 SET @OLD_FOREIGN_KEY_CHECKS=@@FOREIGN_KEY_CHECKS, FOREIGN_KEY_CHECKS=0 */;
/*!40101 SET @OLD_SQL_MODE=@@SQL_MODE, SQL_MODE='NO_AUTO_VALUE_ON_ZERO' */;
/*!40111 SET @OLD_SQL_NOTES=@@SQL_NOTES, SQL_NOTES=0 */;

--
-- Table structure for table `accessories`
--

DROP TABLE IF EXISTS `accessories`;
/*!40101 SET @saved_cs_client     = @@character_set_client */;
/*!40101 SET character_set_client = utf8 */;
CREATE TABLE `accessories` (
  `ID` int(11) DEFAULT NULL,
  `Serial_Number` varchar(255) DEFAULT NULL,
  `Device_Type` varchar(255) DEFAULT NULL,
  `Model` varchar(255) DEFAULT NULL,
  `User` int(11) DEFAULT NULL,
  `Purchase_Date` date DEFAULT NULL,
  `Expected_Replacement` date DEFAULT NULL,
  `Notes` varchar(255) DEFAULT NULL,
  `Purchase_Cost` double DEFAULT NULL,
  `Device_Connection` int(11) DEFAULT NULL
) ENGINE=InnoDB DEFAULT CHARSET=latin1;
/*!40101 SET character_set_client = @saved_cs_client */;

--
-- Dumping data for table `accessories`
--

LOCK TABLES `accessories` WRITE;
/*!40000 ALTER TABLE `accessories` DISABLE KEYS */;
INSERT INTO `accessories` VALUES (1,NULL,'Monitor','EliteDisplay 21.5-Inch',3,'2017-08-01','2021-08-01',NULL,0,48),(2,NULL,'Monitor','EliteDisplay 21.5-Inch',3,'2017-08-01','2021-08-01',NULL,0,48),(3,NULL,'Monitor','EliteDisplay 23\"',9,'2018-02-14','2022-02-14',NULL,0,2),(4,NULL,'Monitor','EliteDisplay 23\"',9,'2018-02-14','2022-02-14',NULL,0,2),(5,NULL,'Monitor','EliteDisplay 21.5-Inch',14,'2017-08-01','2021-08-01',NULL,0,21),(6,'WCC1H1076200','External Hard Drive','MyBook',26,'2013-12-01','2017-12-01',NULL,0,0),(7,'WX91EB6925HF','External Hard Drive','MyPassport',26,'2017-09-01','2021-09-01','Capacity: 4TB',110,0),(8,'WX21D57NK6P5','External Hard Drive','MyPassport',26,'2017-09-01','2021-09-01','Capacity: 4TB',0,0),(9,'WCC4N1346180','External Hard Drive','MyBook',26,'2014-09-01','2018-09-01','Capacity: 4TB',0,0),(10,'WCC1H1076472','External Hard Drive','MyBook',26,'2014-09-01','2018-09-01',NULL,0,0),(11,'WCAWZ2524099','External Hard Drive','MyBook Essential',26,'2016-09-01','2020-09-01','Capacity: 4TB',0,0),(12,'2HAC1R38','External Hard Drive','OneTouch',26,'2013-09-01','2017-09-01','Capacity: 1TB',0,0),(13,'C02JDJ7QF4GW','External Hard Drive','SuperDrive',26,'2013-06-01','2017-06-01',NULL,0,0),(14,NULL,'Docking Station','HP 2013 UltraSlim',6,'2018-01-16','2022-01-16',NULL,110,45),(15,NULL,'Docking Station','HP 2013 UltraSlim',14,'2016-11-01','2020-11-01',NULL,110,0),(16,NULL,'Docking Station','HP 2013 UltraSlim',3,'2017-08-01','2021-08-01',NULL,110,0),(17,NULL,'Docking Station','HP 2013 UltraSlim',11,'2019-04-01','2023-04-01',NULL,110,0),(18,'CS1872','Docking Station','HP 2013 UltraSlim',8,'2019-03-15','2023-03-15',NULL,110,0),(19,'WXD1E84AXWJJ','External Hard Drive','WD MyPassport Ultra',26,'2021-06-29','2025-06-29','Capacity: 1TB',0,0),(20,'53EA0401024Q','Scanner','Contex IQ Flex',26,'2021-03-31','2025-03-31',NULL,4999,0);
/*!40000 ALTER TABLE `accessories` ENABLE KEYS */;
UNLOCK TABLES;

--
-- Table structure for table `admins`
--

DROP TABLE IF EXISTS `admins`;
/*!40101 SET @saved_cs_client     = @@character_set_client */;
/*!40101 SET character_set_client = utf8 */;
CREATE TABLE `admins` (
  `ID` int(11) NOT NULL AUTO_INCREMENT,
  `Hashed_Pass` varchar(255) DEFAULT NULL,
  `User_ID` int(11) NOT NULL,
  PRIMARY KEY (`ID`)
) ENGINE=InnoDB AUTO_INCREMENT=2 DEFAULT CHARSET=latin1;
/*!40101 SET character_set_client = @saved_cs_client */;

--
-- Dumping data for table `admins`
--

LOCK TABLES `admins` WRITE;
/*!40000 ALTER TABLE `admins` DISABLE KEYS */;
INSERT INTO `admins` VALUES (1,NULL,0);
/*!40000 ALTER TABLE `admins` ENABLE KEYS */;
UNLOCK TABLES;

--
-- Table structure for table `library_locations`
--

DROP TABLE IF EXISTS `library_locations`;
/*!40101 SET @saved_cs_client     = @@character_set_client */;
/*!40101 SET character_set_client = utf8 */;
CREATE TABLE `library_locations` (
  `ID` int(11) NOT NULL,
  `Location_Name` varchar(255) DEFAULT NULL,
  PRIMARY KEY (`ID`)
) ENGINE=InnoDB DEFAULT CHARSET=latin1;
/*!40101 SET character_set_client = @saved_cs_client */;

--
-- Dumping data for table `library_locations`
--

LOCK TABLES `library_locations` WRITE;
/*!40000 ALTER TABLE `library_locations` DISABLE KEYS */;
INSERT INTO `library_locations` VALUES (1,'First Floor North Wall'),(2,'First Floor South Wall'),(3,'First Floor East Wall'),(4,'First Floor West Wall'),(5,'First Floor Central Area'),(6,'Main Floor North Wall'),(7,'Main Floor South Wall'),(8,'Main Floor East Wall'),(9,'Main Floor West Wall'),(10,'Main Floor Alcove'),(11,'Main Floor Central Area A'),(12,'Main Floor Central Area B'),(13,'Main Floor Central Area C'),(14,'Main Floor Study Rooms'),(15,'Third Floor North Wall'),(16,'Third Floor South Wall'),(17,'Third Floor Study Rooms'),(18,'Main Floor Instruction Lab'),(19,'Third Floor Purple Room'),(20,'Main Floor Staff Area'),(21,'First Floor Staff Area'),(22,'First Floor Study Rooms'),(23,'First Floor Archives');
/*!40000 ALTER TABLE `library_locations` ENABLE KEYS */;
UNLOCK TABLES;

--
-- Table structure for table `port_groups`
--

DROP TABLE IF EXISTS `port_groups`;
/*!40101 SET @saved_cs_client     = @@character_set_client */;
/*!40101 SET character_set_client = utf8 */;
CREATE TABLE `port_groups` (
  `ID` int(11) NOT NULL AUTO_INCREMENT,
  `Location` int(11) DEFAULT NULL,
  `left` decimal(12,3) DEFAULT NULL,
  `top` decimal(12,3) DEFAULT NULL,
  PRIMARY KEY (`ID`)
) ENGINE=InnoDB AUTO_INCREMENT=194 DEFAULT CHARSET=latin1;
/*!40101 SET character_set_client = @saved_cs_client */;

--
-- Dumping data for table `port_groups`
--

LOCK TABLES `port_groups` WRITE;
/*!40000 ALTER TABLE `port_groups` DISABLE KEYS */;
INSERT INTO `port_groups` VALUES (1,9,1249.978,274.359),(2,9,1137.606,244.469),(3,7,1204.003,194.935),(4,11,1019.651,350.516),(5,11,988.813,512.380),(6,6,949.492,614.816),(7,6,941.986,644.200),(8,6,882.191,630.282),(9,6,962.888,594.852),(10,11,894.191,507.551),(11,11,907.629,343.205),(12,9,907.629,247.846),(13,11,939.439,507.551),(14,11,846.077,507.551),(15,12,796.441,507.551),(16,12,781.389,472.684),(17,12,781.389,350.516),(18,12,781.389,241.065),(19,12,715.734,507.551),(20,6,710.905,597.094),(21,6,752.362,596.665),(22,12,657.822,350.516),(23,10,631.858,631.987),(24,10,529.577,653.532),(25,10,557.452,715.938),(26,8,78.277,656.370),(27,10,633.214,715.938),(28,13,500.506,356.874),(29,13,455.203,481.024),(30,13,493.808,471.006),(31,13,383.542,619.561),(32,6,290.543,594.852),(33,13,251.254,472.366),(34,18,396.771,838.054),(35,6,148.324,951.000),(36,18,428.045,838.054),(37,14,78.319,951.000),(38,14,44.617,951.000),(39,18,457.621,838.054),(40,14,34.738,911.950),(41,18,481.225,838.054),(42,18,481.225,948.731),(43,8,34.738,829.362),(44,18,457.450,948.731),(45,18,428.045,948.731),(46,8,34.738,751.325),(47,18,398.904,948.731),(48,8,38.557,601.480),(49,13,127.367,594.081),(50,8,34.738,537.785),(51,8,34.738,426.671),(52,8,34.738,311.075),(53,8,34.738,209.596),(54,7,127.367,195.551),(55,7,213.894,135.768),(56,7,311.222,135.768),(57,6,202.504,918.529),(58,13,114.789,854.585),(59,13,44.552,655.953),(60,14,236.213,904.595),(61,14,217.779,933.633),(62,14,236.213,852.467),(63,14,220.213,882.938),(64,14,236.213,802.339),(65,14,220.213,833.054),(66,14,236.213,753.496),(67,14,220.213,783.170),(68,14,236.213,702.628),(69,14,220.213,733.166),(70,14,236.213,648.175),(71,14,220.213,682.532),(72,14,274.595,751.983),(73,14,274.595,619.645),(74,14,503.479,741.667),(75,17,1050.463,734.951),(76,17,1080.024,680.743),(77,17,896.463,689.951),(78,17,896.562,760.558),(79,17,896.463,805.201),(80,17,708.323,639.256),(81,15,624.285,604.637),(82,15,326.037,604.637),(83,15,181.413,604.637),(84,19,1235.164,434.165),(85,19,1235.164,369.020),(86,17,1077.244,744.224),(87,16,270.200,96.516),(88,16,807.819,96.516),(89,16,1002.145,96.516),(90,19,1202.412,493.755),(91,17,1202.412,512.793),(92,8,39.772,864.709),(93,13,136.525,854.585),(94,12,651.041,478.195),(95,17,1161.203,745.387),(96,17,1142.856,801.990),(97,17,1091.258,801.990),(98,3,1054.426,698.362),(99,3,1054.426,664.605),(100,5,917.489,581.830),(101,5,871.489,593.830),(102,5,796.574,389.021),(103,5,791.574,272.106),(104,5,1017.574,284.106),(105,3,599.489,178.830),(106,3,599.489,131.830),(107,22,533.574,352.106),(108,22,644.574,389.106),(109,22,644.574,512.106),(110,22,533.574,587.106),(111,22,474.574,587.106),(112,22,462.574,512.106),(113,22,461.574,476.106),(114,22,461.574,436.106),(115,22,461.574,389.106),(116,20,977.494,658.053),(117,20,1024.480,692.548),(118,20,1003.599,614.732),(119,20,1027.944,609.987),(120,20,1057.681,610.664),(121,20,1080.571,623.987),(122,20,1090.400,653.370),(123,20,1036.386,853.531),(124,20,1001.164,853.531),(125,20,958.486,853.531),(126,20,817.192,778.582),(127,20,817.192,796.615),(128,20,822.021,848.702),(129,20,741.308,842.110),(130,20,701.076,807.458),(131,20,742.106,736.224),(132,20,1032.773,712.109),(133,22,711.489,688.213),(134,5,911.574,285.723),(135,22,705.489,658.830),(136,22,744.830,704.404),(137,22,722.574,674.021),(138,22,747.830,742.404),(139,22,729.489,742.404),(140,22,706.830,742.404),(141,22,684.830,742.404),(142,20,841.348,651.770),(143,20,872.845,612.412),(144,20,878.191,761.068),(145,20,879.440,799.629),(146,20,950.882,755.763),(147,20,987.642,755.763),(148,25,494.170,175.270),(149,25,622.358,216.958),(150,25,566.386,264.141),(151,25,487.521,262.177),(152,25,556.653,190.205),(153,25,678.187,181.334),(154,25,852.402,1029.321),(155,25,836.277,299.297),(156,25,921.552,424.429),(157,25,955.174,506.788),(158,25,967.791,557.848),(159,25,980.259,652.687),(160,25,967.333,789.275),(161,25,953.661,844.083),(162,25,906.209,954.351),(163,25,739.420,1040.021),(164,25,788.668,989.067),(165,24,485.666,437.101),(166,24,524.747,419.257),(167,24,587.845,391.330),(168,24,632.630,368.468),(169,24,689.525,338.197),(170,24,730.240,317.383),(171,24,655.963,465.569),(172,24,762.309,423.337),(173,24,843.252,261.723),(174,24,890.964,323.942),(175,24,931.433,393.115),(176,24,961.029,465.569),(177,24,984.598,539.733),(178,24,997.629,620.718),(179,24,993.284,707.866),(180,24,980.638,791.910),(181,24,962.451,867.831),(182,24,857.460,848.776),(183,24,776.489,848.776),(184,24,693.158,848.776),(185,24,616.157,848.776),(186,24,539.864,848.776),(187,24,460.398,848.776),(188,24,369.592,848.776),(189,24,0.000,0.000),(190,24,0.000,0.000),(191,24,0.000,0.000),(192,24,0.000,0.000),(193,24,0.000,0.000);
/*!40000 ALTER TABLE `port_groups` ENABLE KEYS */;
UNLOCK TABLES;

--
-- Table structure for table `data_ports`
--

DROP TABLE IF EXISTS `data_ports`;
/*!40101 SET @saved_cs_client     = @@character_set_client */;
/*!40101 SET character_set_client = utf8 */;
CREATE TABLE `data_ports` (
  `ID` int(11) NOT NULL AUTO_INCREMENT,
  `Port_Name` varchar(255) DEFAULT NULL,
  `Port_Status` tinyint(1) NOT NULL,
  `Port_Group` int(11) DEFAULT NULL,
  `Damaged` tinyint(1) NOT NULL,
  PRIMARY KEY (`ID`)
) ENGINE=InnoDB AUTO_INCREMENT=559 DEFAULT CHARSET=latin1;
/*!40101 SET character_set_client = @saved_cs_client */;

--
-- Dumping data for table `data_ports`
--

LOCK TABLES `data_ports` WRITE;
/*!40000 ALTER TABLE `data_ports` DISABLE KEYS */;
INSERT INTO `data_ports` VALUES (1,'2213A-D312 2101-52A',1,1,0),(2,'2213A-D313 2101-52B',1,1,0),(3,'2213B-110 D',1,2,0),(4,'2213B-111 D',1,2,0),(5,'2213B-112 D',1,2,0),(6,'2213B-113 D',0,2,0),(7,'IDF 2213A-P261 L 2101-21',0,3,0),(8,'L 2213A-241 D-1',1,4,0),(9,'L 2213A-242 D-2',1,4,0),(10,'L 2213A-243 D-3',1,4,0),(11,'2213A-244 D-4',0,4,0),(12,'2213B-118 D',1,5,0),(13,'2213B-119 D',1,5,0),(14,'2213B-120 D',1,5,0),(15,'2213B-121 D',0,5,0),(16,'2213A-186 D',0,6,0),(17,'2213A-189 D',0,7,0),(18,'2213A-187 D',0,8,0),(19,'L 2213B-126 D',1,9,0),(20,'L 2213B-127 D',1,9,0),(21,'L 2213B-066 V/D',0,10,1),(22,'2213B-144 D',1,10,0),(23,'2213B-145 D',1,10,0),(24,'2213B-148 D',1,10,0),(25,'L 2213B-149 D',0,10,0),(26,'L 2213A-245 D-5',1,11,0),(27,'L 2213A-246 D-6',1,11,0),(28,'L 2213A-247 D-7',1,11,0),(29,'L 2213A-248 D-8',1,11,0),(30,'2213A-D310 2101-51A',1,12,0),(31,'2213A-D311 2101-51B',1,12,0),(32,'2213B-128 D',0,13,0),(33,'2213B-129 D',0,13,0),(34,'2213B-130 D',0,13,0),(35,'2213B-131 D',0,13,0),(36,'2213B-132 D',0,14,0),(37,'2213B-133 D',0,14,0),(38,'2213B-134 D',1,14,0),(39,'2213B-135 D',1,14,0),(40,'2213B-136 D',0,13,0),(41,'2213B-137 D',0,13,0),(42,'2213B-138 D',0,13,0),(43,'2213B-139 D',0,13,0),(44,'2213B-140 D',0,14,0),(45,'2213B-141 D',0,14,0),(46,'2213B-142 D',0,14,0),(47,'2213B-143 D',0,14,0),(48,'2213B-146 D',0,15,0),(49,'2213B-147 D',0,15,0),(50,'2213B-150 D',1,15,0),(51,'2213B-151 D',1,15,0),(52,'L 2213A-253 D-13',1,16,0),(53,'L 2213A-254 D-14',1,16,0),(54,'L 2213A-255 D-15',1,16,0),(55,'L 2213A-256 D-16',0,16,0),(56,'L 2213A-257 D-17',0,17,0),(57,'L 2213A-258 D-18',1,17,0),(58,'L 2213A-259 D-19',1,17,0),(59,'L 2213A-260 D-20',1,17,0),(60,'L 2213A-249 D-9',0,18,0),(61,'L 2213A-250 D-10',0,18,0),(62,'L 2213A-251 D-11',1,18,0),(63,'L 2213A-252 D-12',1,18,0),(64,'2213A-218 D',1,19,0),(65,'2213A-219 D',1,19,0),(66,'2213A-220 D',1,19,0),(67,'2213A-222 D',1,19,0),(68,'2213A-223 D',1,19,0),(69,'2213B-166 D',1,20,0),(70,'2213B-167 D',1,20,0),(71,'2213B-164 D',1,21,0),(72,'2213B-165 D',0,21,0),(76,'2213A-221 D',1,19,0),(79,'2213A-D308 2101-50A',1,22,0),(80,'2213A-D309 2101-50B',1,22,0),(81,'2213B-030 V/D',0,23,1),(82,'2213B-092 D',1,23,0),(83,'2213B-093 D',0,23,1),(84,'2213B-094 D',1,23,0),(85,'2213B-095 D',0,23,1),(86,'2213B-096 D',1,24,0),(87,'2213B-097 D',1,24,0),(88,'2213B-098 D',1,24,0),(89,'2213B-099 D',1,24,0),(90,'2213B-100 D',0,24,0),(91,'2213B-101 D',0,24,0),(92,'2213B-102 D',0,25,1),(93,'2213B-103 D',0,25,1),(94,'2213B-104 D',0,25,1),(95,'2213B-105 D',0,25,1),(96,'2213B-106 D',0,25,1),(97,'2213B-108 D',0,25,0),(98,'2213B-109 D',0,25,0),(99,'2213B-174 D',0,25,0),(100,'2213B-175 D',0,25,0),(101,'2213B-176 D',1,25,0),(102,'2213B-177 D',1,25,0),(103,'2213B-178 D',0,25,0),(104,'2213B-179 D',0,25,0),(105,'2213B-168 D',1,27,0),(106,'2213B-169 D',1,27,0),(107,'2213B-170 D',0,27,0),(108,'2213B-171 D',0,27,0),(109,'2213B-172 D',0,27,0),(110,'2213B-173 D',0,27,0),(111,'IDF 2213A-262 L 2101-22',1,29,0),(112,'IDF 2213A-263 L 2101-23',1,29,0),(113,'IDF 2213A-264 L 2101-24',0,29,0),(114,'2213B-156 D 2201-19',1,30,0),(115,'2213B-157 D 2201-21',1,30,0),(116,'2213B-159 D 2201-20',1,30,0),(117,'2213A-D306 2101-49A',0,28,0),(118,'2213A-D307 2101-49B',1,28,0),(119,'2213B-038 V/D',0,31,0),(120,'2213B-158 D 2201-23',1,30,0),(121,'2213B-161 D',1,32,0),(122,'2213B-160 D',1,32,0),(125,'IDF 2213A-265 L 2101-25',1,33,0),(126,'IDF 2213A-266 L 2101-26',1,33,0),(127,'IDF 2213A-267 L 2101-27',0,33,0),(128,'2213A-D338 2230-01',1,35,0),(129,'2213A-D339 2230-02',1,35,0),(130,'2213A-D340 2230-03',1,35,0),(132,'2213A-D341 2230-04',1,37,0),(133,'2213A-D342 2230-05',1,38,0),(134,'2213A-D343 2230-06',1,40,0),(135,'2213A-D344 2230-07',1,40,0),(136,'2213A-D345 2230-08',1,40,0),(137,'2213A-D346 2230-09',1,43,0),(138,'2213A-D347 2230-10',1,43,0),(139,'2213A-D348 2230-11',1,43,0),(140,'2213A-D349 2230-12',1,46,0),(141,'2213A-D350 2230-13',1,46,0),(142,'2213A-D351 2230-14',1,46,0),(143,'2313A-D335 2101-25a',1,48,0),(144,'2313A-D229 2101-22A',1,49,0),(145,'IDF 2213A-271 L 2101-31',0,50,0),(146,'IDF 2213A-272 L 2101-32',0,50,0),(147,'IDF 2213A-273 L 2101-33',0,50,0),(148,'IDF 2213A-274 L 2101-34',0,51,0),(149,'IDF 2213A-275 L 2101-35',0,51,0),(150,'IDF 2213A-276 L 2101-36',0,51,0),(151,'IDF 2213A-277 L 2101-37',0,52,0),(152,'IDF 2213A-278 L 2101-38',1,52,0),(153,'IDF 2213A-279 L 2101-39',1,52,0),(154,'IDF 2213A-280 L 2101-40',0,52,0),(155,'IDF 2213A-281 L 2101-41',1,53,0),(156,'IDF 2213A-282 L 2101-42',0,53,0),(157,'IDF 2213A-283 L 2101-43',0,54,0),(158,'IDF 2213A-284 L 2101-44',1,54,0),(159,'IDF 2213A-285 L 2101-45',0,54,0),(160,'IDF 2213A-286 L 2101-46',1,55,0),(161,'IDF 2213A-287 L 2101-47',1,55,0),(162,'IDF 2213A-288 L 2101-48',0,55,0),(163,'IDF 2213A-289 L 2101-49',1,56,0),(164,'IDF 2213A-290 L 2101-50',1,56,0),(165,'IDF 2213A-292 L 2101-51*',0,56,0),(166,'2213A-D59 2230 1A',1,57,0),(167,'2213A-D60 2230 2A',1,93,0),(168,'2213A-D61 2230 3A',1,58,0),(169,'2313A-D334 2101-24b',0,59,0),(170,'2313A-D333 2101-24a',1,59,0),(171,'2213A-V90 2227-1A',0,60,0),(172,'2213A-D334 2227-1B',1,60,0),(173,'2213A-D335 2227-1C',0,60,1),(174,'2213A-D336 2227-2A',0,61,0),(175,'2213A-D337 2227-2B',0,61,0),(176,'2213A-V88 2225-1A',0,62,0),(177,'2213A-D330 2225-1B',0,62,0),(178,'2213A-D331 2225-1C',0,62,0),(179,'2213A-D332 2225-2A',0,63,0),(180,'2213A-D333 2225-2B',0,63,0),(181,'2213A-V87 2221-1A',0,64,0),(182,'2213A-D322 2221-1B',0,64,0),(183,'2213A-D323 2221-1C',0,64,0),(184,'2213A-D324 2221-2A',0,65,0),(185,'2213A-D325 2221-2B',0,65,0),(186,'2213A-V89 2223-1A',0,66,0),(187,'2213A-D326 2223-1B',0,66,0),(188,'2213A-D327 2223-1C',0,66,0),(189,'2213A-D328 2223-2A',0,67,0),(190,'2213A-D329 2223-2B',0,67,0),(191,'2213A-V86 2219-1A',0,68,0),(192,'2213A-D318 2219-1B',0,68,0),(193,'2213A-D319 2219-1C',0,68,0),(194,'2213A-D320 2219-2A',0,69,0),(195,'2213A-D321 2219-2B',0,69,0),(196,'2213A-V85 2217-1A',0,70,0),(197,'2213A-D314 2217-1B',0,70,1),(198,'2213A-D315 2217-1C',0,70,0),(199,'2213A-D316 2217-2A',0,71,0),(200,'2213A-D317 2217-2B',0,71,0),(201,'2313A-D336 2101-25b',1,48,0),(202,'2313A-D230 2101-22B',1,49,0),(203,'2213B-042 V/D',1,72,0),(204,'2213B-041 V/D',0,73,0),(205,'2213B-035 V/D',0,74,0),(206,'3109-024 D',1,95,0),(207,'3109-025 D',1,95,0),(208,'3109-026 D',0,95,1),(209,'3109-027 D\r\n3109-027 D\r\n3109-027 D',0,95,1),(210,'3108-028 D',0,96,1),(211,'3109-029 D',1,96,0),(212,'3109-030 D',0,96,1),(213,'3109-031 D',0,96,1),(214,'3109-032 D\r\n3109-032 D',0,97,1),(215,'3109-033 D',1,97,0),(216,'3109-034 D',0,97,1),(217,'3109-035 D',0,97,1),(218,'3109-008 V/D',0,75,0),(219,'3109-007 V/D\r\n3109-007 V/D',0,76,0),(220,'3109-006 V/D',1,77,0),(221,'3109-005 V/D\r\n3109-005 V/D',1,78,0),(222,'3109-004 V/D\r\n3109-004 V/D',1,79,0),(223,'3109-003 V/D',1,80,0),(224,'3109-036 D',1,81,0),(225,'3109-037 D',1,81,0),(226,'3109-038 D\r\n3109-038 D',0,81,1),(227,'3109-039 D',1,81,0),(228,'3109-041 D',0,82,0),(229,'3109-042 D',1,83,0),(230,'3109-018 D',1,84,0),(231,'3109-019 D',0,84,0),(232,'3109-020 D',0,84,1),(233,'3109-021 D ',1,84,0),(234,'3109-022 D',1,84,0),(235,'3109-023 D',0,84,0),(236,'3109-013 D',1,85,0),(237,'3109-014 D',1,85,0),(238,'3109-015 D',0,85,1),(239,'3109-016 D',1,85,0),(240,'3109-017 D',0,85,0),(241,'3109-044 D',0,85,1),(242,'3109-010 V/D',1,86,0),(243,'3109-043 D',0,83,1),(244,'3109-D68 3100-3A',1,87,0),(245,'3109-D69 3100-3B',0,87,0),(246,'3109-D70 3100-3C',0,87,0),(247,'3109-D71 3100-3D',0,87,0),(248,'3109-D64 3100-2A',0,88,0),(249,'3109-D65 3100-2B',1,88,0),(250,'3109-D66 3100-2C',1,88,0),(251,'3109-D67 3100-2D',0,88,0),(252,'33009-D60 33000-1A',1,89,0),(253,'3109-D61 3100-1B',0,89,0),(254,'3109-D62 3100-1C',0,89,0),(255,'3109-D63 3100-1D',0,89,0),(256,'3109-D74 3102-3A',1,90,0),(257,'3109-D75 3102-3B',1,90,0),(258,'3109-D76 3102N-1A',0,91,0),(259,'3109-D77 3102N-1B',0,91,0),(260,'2313A-D332 2101-23b',0,26,0),(261,'2313A-D331 2101-23a',0,26,0),(262,'2213A-D62 2230 4A',0,92,0),(263,'IDF 2213A-0302 2208-1C',0,72,0),(264,'Unlabeled on pillar - 1',0,94,0),(265,'Unlabeled on pillar - 2',0,94,0),(266,'Unlabeled on pillar - 3',0,94,0),(267,'Unlabeled box - 1',0,5,1),(268,'Unlabeled box - 2',0,5,1),(269,'Unlabeled box - 3',0,5,1),(270,'Unlabeled box - 4',0,5,1),(271,'2213B-107D',0,25,1),(272,'2213B-03A',0,10,0),(273,'2213B-03B',0,10,0),(274,'1022 D377',1,98,0),(275,'1022 D379',1,98,0),(276,'IDF 1003-164 V',0,99,1),(277,'IDF 1003-367 D',1,99,0),(278,'IDF 1003-368 D',1,99,0),(279,'205A-028 D',1,100,0),(280,'205A-028 V',1,100,0),(281,'205A-029 D',1,100,0),(282,'205A-029 V',1,100,0),(283,'205A-148 D',1,100,0),(284,'205A-149 D',0,100,0),(285,'205A-150 D',0,100,0),(286,'205A-151 D',0,100,0),(287,'205A-152 D',0,100,0),(288,'205A-153 D',0,100,0),(289,'205A-160 D',0,100,0),(290,'205A-161 D',0,100,0),(291,'205A F01 A',0,100,0),(292,'205A F01 B',0,100,0),(293,'205A-142 D',1,101,0),(294,'205A-143 D',1,101,0),(295,'205A-144 D',1,101,0),(296,'205A-145 D',1,101,0),(297,'205A-146 D',1,101,0),(298,'205A-147 D',1,101,0),(299,'205A-154 D',0,101,0),(300,'205A-155 D',0,101,0),(301,'205A-156 D',0,101,0),(302,'205A-157 D',0,101,0),(303,'205A-158 D',0,101,0),(304,'205A-159 D',0,101,0),(305,'1160-D164 1106-1',0,102,0),(306,'1160-D165 1106-2',0,102,0),(307,'1160-D166 1106-3',0,102,1),(308,'1160-D167 1106-4',0,102,1),(309,'L-1160 46',1,103,0),(310,'L-1160 47',1,103,0),(311,'L-1160 50',1,104,0),(312,'L-1160 51',0,104,0),(313,'1160-D202 1106-9A',0,105,0),(314,'1160-D168 1106-5',0,106,0),(315,'1160-D169 1106-6',0,106,0),(316,'1160-D170 1106-7',0,106,0),(317,'1160-D171 1106-8',0,106,0),(318,'1160-D132 1105-4A',1,107,0),(319,'1160-D128 1105-5A',1,107,0),(320,'USB (S)',1,107,0),(321,'8G 4',1,107,0),(322,'205A-128 D',0,108,0),(323,'205A-129 D',0,108,0),(324,'205A-036 V/D',0,109,1),(325,'205A-126 D',0,109,0),(326,'205A-127 D',0,109,0),(327,'1160-D122 1105-1A',0,110,0),(328,'1160-D124 1105-2A',0,110,0),(329,'USB (N)',0,110,0),(330,'8G 2',0,110,0),(331,'1160-D204 1105-1A',0,111,0),(332,'1160-D205 1105-2A',0,111,0),(333,'205A-118 D',0,112,0),(334,'205A-119 D',0,112,1),(335,'205A-120 D',0,113,1),(336,'205A-121 D',0,113,0),(337,'205A-122 D',0,114,0),(338,'205A-123 D',0,114,0),(339,'205A-124 D',0,115,1),(340,'205A-125 D',0,115,1),(341,'IDF 2213A-76 2211-1A',0,34,0),(342,'IDF 2213A-P77 2211-1B',0,34,0),(343,'IDF 2213A-294 2211-1C',0,34,0),(344,'2213B-072D',0,36,0),(345,'2213B-073D',0,36,0),(346,'2213B-074D',0,36,0),(347,'2213B-075D',0,36,0),(348,'IDF 2213A-293 2211-3A',0,36,0),(349,'IDF 2213A-P296 2211-3A',0,36,0),(350,'2213B-070D',0,39,0),(351,'2213B-071D',0,39,0),(352,'IDF 2213A-P68 2211-4A',0,41,0),(353,'IDF 2213A-P69 2211-4B',0,41,0),(354,'IDF 2213A-P291 2211-4C',0,41,0),(355,'IDF 2213A-P295 2211-4D',0,41,0),(356,'IDF 2213A-P88',0,42,0),(357,'IDF 2213A-P89',0,42,0),(358,'IDF 2213A-P90',0,42,0),(359,'IDF 2213A-P91',0,42,0),(360,'IDF 2213A-P84',0,44,0),(361,'IDF 2213A-P85',0,44,0),(362,'IDF 2213A-P86',0,44,0),(363,'IDF 2213A-P87',0,44,0),(364,'IDF 2213A-81 2211-7A',0,45,0),(365,'IDF 2213A-P82 2211-7B',0,45,0),(366,'IDF 2213A-83 2211-7C',0,45,0),(367,'IDF 2213A-P299 2211-7D',0,45,0),(368,'IDF 2213A-297 221-6A',0,47,0),(369,'IDF 2213A-298 2211-6B',0,47,0),(370,'2213B-078D',0,47,0),(371,'2213B-079D',0,47,0),(372,'2213B-080D',0,47,0),(373,'8G SPK L+ SPK- SPK R+',0,47,0),(374,'2213B 182 D',0,116,0),(375,'2213B 183 D',1,116,0),(376,'2213B-005 D',0,116,0),(377,'2213A-D188',0,117,0),(378,'2213B-003 V/D',0,118,0),(379,'2213B-184 D',0,118,1),(380,'2213B-125 D',1,119,0),(381,'2213B-124 D',1,120,0),(382,'2213B-123 D',1,121,0),(383,'2213B-122 D',1,122,0),(384,'2213A-D356 2103-2A',1,123,0),(385,'2213A-D357 2103-2B',0,123,0),(386,'2213A-D358 2103-3A',1,124,0),(387,'2213A-D359 2103-3B',0,124,0),(388,'2213A-D360 2103-4A',1,125,0),(389,'2213A-D361 2103-4B',0,125,0),(390,'2213B-016 V/D',0,126,0),(391,'2213B-017 V/D',0,127,0),(392,'2213B-018 V/D',1,128,0),(393,'2213B-022 V/D',1,129,0),(394,'2213B-024 V/D',1,130,0),(395,'2213B-015 V/D',0,131,0),(396,'2213B-026 V/D',1,131,0),(397,'2213A-D364 2103-1A',1,132,0),(398,'2213A-D361 2103-1B',0,132,0),(399,'1122-2 V',0,133,0),(400,'1122-2 D',0,133,0),(401,'L-1160 48',0,134,0),(402,'L-1160 49',0,134,0),(403,'1122-1 V',0,135,0),(404,'1122-1 D',1,135,0),(405,'1160-D145 1123-4B',1,136,0),(406,'1160-4V 1123-4A',0,136,0),(407,'HDMI PORT',1,136,0),(408,'1160-V1 1123-1A',0,137,0),(409,'1160-D146 1123-1B',0,137,0),(410,'1160-V2 1123-2A',0,138,0),(411,'1160-D143 1123-2B',0,138,0),(412,'1160-V3 1123-1A',0,139,0),(413,'1160-D144 1123-3B',0,139,0),(414,'1122-3 V',0,140,1),(415,'1122-3 D',0,140,1),(416,'1122-4 V',0,141,1),(417,'1122-4 D',0,141,1),(418,'2213B-007 V/D',1,142,0),(419,'2213B-006 V/D',1,143,0),(420,'2213A-D9',0,144,0),(421,'2213A-D180',1,144,0),(422,'2213A-D181',0,144,0),(423,'2213A-D8',0,144,0),(424,'2213A-D10',0,144,0),(425,'2213A-D185',1,144,0),(426,'2213A-D13',0,144,0),(427,'2213A-D14',0,144,0),(428,'2213A-V10',0,144,0),(429,'2213A-V13',0,144,0),(430,'2213A-V14',0,144,0),(431,'2213A-V6',0,144,0),(432,'2213A-V61',0,144,0),(433,'2213A-D12',0,145,0),(434,'2213A-V12',0,145,0),(435,'2213A-D384 2103-7A',1,146,0),(436,'2213A-D065 2103-6A',1,147,0),(437,'2213A-D066 2103-6B',0,147,0),(438,'2213A-D067 2103-6C',0,147,0),(439,'2213A-D068 2103-6D',0,147,0),(440,'D002',0,148,0),(441,'D003',0,148,0),(442,'D004',0,148,0),(443,'D005',0,148,0),(444,'D006',0,151,0),(445,'D007',0,151,0),(446,'D008',0,151,0),(447,'D009',0,151,0),(448,'D010',0,152,0),(449,'D011',0,152,0),(450,'D012',0,152,0),(451,'D013',0,152,0),(452,'D014',0,150,0),(453,'D015',0,150,0),(454,'D016',0,150,0),(455,'D017',0,149,0),(456,'D018',0,149,0),(457,'D019',0,149,0),(458,'D020',0,150,0),(459,'D417',0,149,0),(461,'D023',0,153,0),(462,'D024',0,153,0),(463,'D025',0,154,0),(464,'D026',0,154,0),(465,'D027',0,155,0),(466,'D028',0,155,0),(469,'D031',0,156,0),(470,'D032',0,156,0),(471,'D033',0,157,0),(472,'D034',0,157,0),(473,'D035',0,158,0),(474,'D036',0,158,0),(475,'D037',0,159,0),(476,'D038',0,159,0),(477,'D039',0,160,0),(478,'D040',0,160,0),(479,'D041',0,161,0),(480,'D042',0,161,0),(481,'D043 (West)',0,162,0),(482,'D044 (West161)',0,162,0),(483,'D045',0,163,0),(484,'D139',1,163,0),(485,'D147',0,164,0),(486,'D148',0,164,0),(487,'D149',0,164,0),(488,'D150',0,164,0),(489,'D271',1,165,0),(490,'D272',1,165,0),(491,'D273',1,166,0),(492,'D274',1,166,0),(493,'D275',1,166,0),(494,'D276',1,166,0),(495,'D277',1,167,0),(496,'D278',1,167,0),(497,'D279',1,168,0),(498,'D280',1,168,0),(499,'D281',1,168,0),(500,'D282',1,168,0),(501,'D283',1,169,0),(502,'D284',1,169,0),(503,'D285',1,170,0),(504,'D286',1,170,0),(505,'D287',1,170,0),(506,'D288',1,170,0),(507,'D289',1,171,0),(508,'D290',1,171,0),(509,'D291',1,172,0),(510,'D292',1,172,0),(511,'D293',1,172,0),(512,'D294',1,172,0),(513,'D295',0,173,0),(514,'D296',0,173,0),(515,'D297',0,174,0),(516,'D298',0,174,0),(517,'D299',0,175,0),(518,'D300',0,175,0),(519,'D301',0,176,0),(520,'D302',0,176,0),(521,'D303',0,177,0),(522,'D304',0,177,0),(523,'D305',0,178,0),(524,'D306',0,178,0),(525,'D307',0,179,0),(526,'D308',0,179,0),(527,'D309',0,180,0),(528,'D310',0,180,0),(529,'D311',0,181,0),(530,'D312',0,181,0),(531,'D313',0,182,0),(532,'D314',0,182,0),(533,'D315',0,182,0),(534,'D316',0,182,0),(535,'D567',0,183,0),(536,'D318',0,183,0),(537,'D319',0,183,0),(538,'D320',0,183,0),(539,'D321',0,184,0),(540,'D322',0,184,0),(541,'D323',0,184,0),(542,'D324',0,184,0),(543,'D325',0,185,0),(544,'D326',0,185,0),(545,'D327',0,185,0),(546,'D328',0,185,0),(547,'D329',0,186,0),(548,'D330',0,186,0),(549,'D331',0,186,0),(550,'D332',0,186,0),(551,'D333',0,187,0),(552,'D334',0,187,0),(553,'D335',0,187,0),(554,'D336',0,187,0),(555,'D337',0,188,0),(556,'D338',0,188,0),(557,'D339',0,188,0),(558,'D340',0,188,0);
/*!40000 ALTER TABLE `data_ports` ENABLE KEYS */;
UNLOCK TABLES;

--
-- Table structure for table `computers`
--

DROP TABLE IF EXISTS `computers`;
/*!40101 SET @saved_cs_client     = @@character_set_client */;
/*!40101 SET character_set_client = utf8 */;
CREATE TABLE `computers` (
  `Computer_Name` varchar(255) DEFAULT NULL,
  `Connection` int(11) DEFAULT NULL,
  `Noncap` varchar(255) DEFAULT NULL,
  `Model` varchar(255) DEFAULT NULL,
  `ID` int(11) NOT NULL AUTO_INCREMENT,
  PRIMARY KEY (`ID`)
) ENGINE=InnoDB AUTO_INCREMENT=92 DEFAULT CHARSET=latin1;
/*!40101 SET character_set_client = @saved_cs_client */;

--
-- Dumping data for table `computers`
--

LOCK TABLES `computers` WRITE;
/*!40000 ALTER TABLE `computers` DISABLE KEYS */;
INSERT INTO `computers` VALUES ('L2101-05-LP',275,'307982','HP 8300 AIO',1),('L2101-01-LP',13,'308363','HP 8300 AIO',2),('L2101-06-LP',43,'306894','HP 8300 AIO',3),('L2101-07-LP',38,'306895','HP 8300 AIO',4),('L2101-08-LP',39,'306897','HP 8300 AIO',5),('L2101-09-LP',23,'306893','HP 8300 AIO',6),('L2101-10-LP',22,'306892','HP 8300 AIO',7),('L2101-12-LP',51,'308361','HP 8300 AIO',8),('L2213-10-LM',64,'310810','iMac 2015',9),('L2213-09-LM',65,'310813','iMac 2015',10),('L2101-21-LP',54,'306902','HP 8300 AIO',11),('L2101-31-LP',52,'310707/302949','HP 800',12),('L2101-03-LP',80,'306903','HP 8300',13),('L2101-13-LP',57,'304335','HP 800',14),('L2213-06-LM',58,'310808','iMac 2015',15),('L2101-26-LP',63,'307871','HP 8300 AIO',16),('L2101-27-LP',62,'308745','HP 8300 AIO',17),('L2213-07-LM',27,'310809','iMac 2015',18),('L2101-25-LP',26,'306900','HP 8300 AIO',19),('L2101-29-LP',30,'307025/306646','HP 8300',20),('L2213-08-LM',8,'310811','iMac 2015',21),('L2101-20-LP',10,'306899','HP 8300 AIO',22),('L2213-02-LM',4,'312680','iMac 2015',23),('L2101-19-LP',1,'306896','HP 8300 AIO',24),('L2101-15-LP',2,'309731/302946','HP 800',25),('L2107-01-LP',105,'310915/209495\r\n310915/209495','HP 8300',26),('L2107-07-LP',106,'307492/209505','HP 8300',27),('L2107-06-LP',89,'307160/209506','HP 8300',28),('L2101-30-LP',88,'302947/310934','HP 800',29),('L2107-50-LP',86,'209499/311209 ICIT','HP 8300',30),('PRS-2107-LP',84,'308416/30?018','HP 8300',31),('L2213-02-LP',166,'310569/305812/305816','HP 800',32),('L2213-03-LP',129,'310932/305818/305813','HP 800',33),('L2213-04-LP',130,'310929/305815/305814','HP 800',34),('L2201-09-LP',167,'310936','HP 800',35),('L2107-04-LP',137,'309622','HP 8300',36),('L2107-03-LP',139,'310704','HP 8300',37),('L2101-17-LP',141,'309725','HP 800',38),('L2230-01-SLP',170,'310709','HP 800',39),('L2201-04-LP',161,'310939 ICIT','HP 8300',40),('L2201-01-LP',163,'310933','HP 800',41),('L2201-02-LP',164,'310572','HP 800',42),('L2101-28-LP',117,'307491','HP 8300 AIO',43),('L2201-11-LM',148,'312679','iMac 2015',44),('L2201-06-LM',152,'310806','iMac 2015',45),('L2201-08-LM',158,'310801','iMac 2015',46),('L2201-05-LM',160,'310812','iMac 2015',47),('L2107-05-LP',79,'308954','HP 800',48),('PRS-2101-LP',20,'302736/308549','HP 8300',49),('PRS-2201-LP',122,'308521/204057','HP 8300',50),('L2201-08-LP',142,'310570/302891','HP 800',51),('L3103-02-LP',206,'310926/206507','HP 800',52),('L3103-07-LP',215,'310698/206936','HP 8300',53),('L3201-02-LM',228,'310800','iMac 2015',54),('L3201-01-LM',229,'310798','iMac 2015',55),('PRS-L3102-LP',233,'308528/204408','HP 8300',56),('L3102-01-LP',236,'312151/300936','HP 8300',57),('L3102-02-LP',237,'311766/209580','HP 8300',58),('L3102-03-LP',239,'311762/300937','HP 8300',59),('L3103-05-LM',244,'310805','iMac 2015',60),('L3103-01-LM',249,'310807','iMac 2015',61),('L3103-04-LP',242,'308747','HP 800 AIO',62),('L3111-01-LP',220,'310922/209571','HP 800',63),('L3112-01-LP',221,'308742','HP 800',64),('L3113-01-LP',222,'311763/209586','HP 8300',65),('L3116-01-LP',223,'310925','HP 800',66),('L3101-01-LP',225,'310948ICIT/206928','HP 800',67),('L3101-03-LP',227,'310927/206947','HP 800',68),('L3103-06-LM',252,'310799','iMac 2015',69),('Catalog Laptop-3rd Floor',224,'305871','MacBook Air',71),('Catalog Laptop-Circ',14,'306485','MacBook Air',72),('L2213-05-LP',172,'305817/305819','HP 800',73),('PRS-L1106-LP',283,'308532','HP 8300',74),('L1106-03-LP',298,'308743','HP 800 AIO',75),('L1106-11-LP',295,'308011','HP 8300 AIO',76),('L1106-12-LP',313,'307199','HP 8300 AIO',77),('L1106-10-LM',310,'310804','iMac 2015',78),('L1106-08-LM',274,'310802','iMac 2015',79),('L2213-04-LM',277,'312683','iMac 2015',80),('L1106-01-LP',279,'308008','HP 8300 AIO',81),('L1106-06-LP',293,'308746','HP 800 AIO',82),('L1106-05-LP',294,'307772','HP 8300 AIO',83),('L1106-02-LM',0,'310803','iMac 2015',84),('L1106-09-LP',400,'308360','HP 8300 AIO',85),('L1106-07-LP',403,'308362','HP 8300 AIO',86),('L3101-02-LP',257,'310743','HP 800 AIO',87),('L2101-05-LP',275,'307982','HP 8300 AIO',88);
/*!40000 ALTER TABLE `computers` ENABLE KEYS */;
UNLOCK TABLES;

--
-- Table structure for table `staff_computers`
--

DROP TABLE IF EXISTS `staff_computers`;
/*!40101 SET @saved_cs_client     = @@character_set_client */;
/*!40101 SET character_set_client = utf8 */;
CREATE TABLE `staff_computers` (
  `ID` int(11) DEFAULT NULL,
  `Computer_Name` varchar(255) DEFAULT NULL,
  `Noncap` int(11) DEFAULT NULL,
  `Purchase_Date` date DEFAULT NULL,
  `Purchase_Cost` double DEFAULT NULL,
  `User` int(11) DEFAULT NULL,
  `Connection` int(11) DEFAULT NULL,
  `Expected_Replacement` date DEFAULT NULL,
  `Model` varchar(255) DEFAULT NULL
) ENGINE=InnoDB DEFAULT CHARSET=latin1;
/*!40101 SET character_set_client = @saved_cs_client */;

--
-- Dumping data for table `staff_computers`
--

LOCK TABLES `staff_computers` WRITE;
/*!40000 ALTER TABLE `staff_computers` DISABLE KEYS */;
INSERT INTO `staff_computers` VALUES (2,'313126-OP',313126,'2018-02-14',853.67,9,0,'2022-02-14','Elitedesk 800 G3 '),(3,'313080-OP',313080,'2018-01-18',647.75,22,0,'2022-01-18','EliteDesk 800 G3'),(4,'313074-OP',313074,'2018-01-16',647.75,0,0,'2022-01-16','Elite Desk 800 G3'),(5,'313071-OP',313071,'2018-01-16',647.75,25,0,'2022-01-16','EliteDesk 800 G3'),(6,'313020-OP',313020,'2018-01-01',1145.42,26,0,'2022-01-01','EliteOne 800 G3'),(7,'312481-OP',312481,'2017-04-01',772.91,24,0,'2021-04-01','Elitedesk 800 G2 SFF'),(9,'312355-OP',312355,'2017-01-01',1252.87,12,419,'2021-01-01','Elitedesk 800 G2 SFF'),(10,'312086-OP',312086,'2016-08-01',1532.71,1,0,'2020-08-01','HP laptop 850'),(12,'311886-OP',311886,'2016-06-01',772.91,27,0,'2020-06-01','Elite 800 G1'),(13,'311885-OP',311885,'2016-06-01',805.3,0,0,'2020-06-01','Elite 800 G1'),(14,'311658-OM',311658,'2016-06-01',887,0,0,'2020-06-01','Mac Mini'),(15,'310829-OM',310829,'2015-05-01',1548,25,0,'2019-05-01','iMac 21\"'),(17,'310709-OP',310709,'2015-05-01',NULL,25,0,'2019-05-01','Elite 800 G1'),(19,'310418-OP',310418,'2015-05-01',1006,22,0,'2019-05-01','Elite 800 G1'),(20,'309603-OP',309603,'2015-06-01',1089.99,24,0,'2019-06-01','Elite 800 G1 AiO'),(21,'309601-OP',309601,'2015-06-01',1089.99,24,0,'2019-06-01','Elite 800 G1 AiO'),(22,'309179-OP',309179,'2015-04-01',1157.39,25,0,'2019-04-01','ProBook 650 G1'),(25,'308050-OP',308050,'2013-11-01',1048.38,0,0,'2017-11-01','Elite SFF 8300'),(26,'308050-OP',308050,'2013-10-01',NULL,26,0,'2017-10-01','Elite SFF 8300'),(27,'307817-OM',307817,'2013-11-01',1818,0,0,'2017-11-01','iMac 27\"'),(28,'307680-OP',307680,'2013-10-01',1015,26,0,'2017-10-01','Elite SFF 8300'),(29,'306570-OP',306570,'2013-02-01',1106.11,26,0,'2017-02-01','Optiplex 9010'),(30,'306508-OP',306508,'2013-02-01',898.75,26,0,'2017-02-01','Optiplex 9010'),(31,'306507-OP',306507,'2013-02-01',NULL,25,0,'2017-02-01','Optiplex  9010'),(34,'306250-OM',306250,'2013-03-01',1178.5,22,0,'2017-03-01','Mac Mini'),(35,NULL,315509,'2020-04-10',1353.17,10,0,'2024-04-10',NULL),(36,'315479-OP',315479,'2020-04-10',1353.17,2,0,'2024-04-10','EliteBook 850 G6'),(37,NULL,315478,'2020-04-10',1353.17,14,0,'2024-04-10',NULL),(38,NULL,315102,'2019-12-09',1726.48,7,0,'2023-12-09',NULL),(39,'314376-OP',314376,'2019-04-01',1546.48,0,0,'2023-04-01','Elitebook 830 G5'),(40,'314375-OP',314375,'2019-03-15',1449.13,8,0,'2023-03-15','Elitebook 850 G5'),(41,'314291-OM',314291,'2019-04-04',1742,19,0,'2023-04-04','MacBook Air 13\"'),(42,'314206-OM',314206,'2019-04-01',1858,17,0,'2023-04-01','MacBook 13'),(43,NULL,313708,'2019-03-15',1431.74,11,0,'2023-03-15',NULL),(44,'313700-OP',313700,'2018-07-16',2146.68,0,0,'2022-07-16','ProBook 640 '),(45,'313067-OP',313067,'2018-01-16',1486.9,6,418,'2022-01-16','ProBook 640 G#'),(46,'312982-OP',312982,'2017-11-01',2081.88,22,0,'2021-11-01','ZBook G3 15\"'),(47,'312798-OP',312798,'2017-08-01',1480.83,18,0,'2021-08-01','EliteBook 850'),(48,'312790-OP',312790,'2017-08-01',1480.83,3,435,'2021-08-01','EliteBook 850'),(49,'312361-OP',312361,'2017-01-19',1632.7,15,0,'2021-01-19','EliteBook 850'),(50,'311852-OP',311852,'2017-03-01',1532.71,5,0,'2021-03-01','EliteBook 850'),(51,'311847-OP',311847,'2017-03-01',1532.71,4,0,'2021-03-01','EliteBook 850'),(52,'311616-OP',311616,'2016-05-01',1015,0,0,'2020-05-01','ProBook 640 G1'),(53,'311569-OP',311569,'2016-07-01',NULL,0,0,'2020-07-01','ProBook 650 G1'),(54,'310771-OP',310771,'2015-05-01',1047.39,22,0,'2019-05-01','ProBook 640'),(55,'310168-OP',310168,'2016-04-01',1283,25,0,'2020-04-01','Ultralight EliteBook 9480m'),(56,'309575-OM',309575,'2014-09-01',2232,13,0,'2018-09-01','MacBook Pro'),(57,'306485-OM',306485,'2013-01-01',1985,24,0,'2017-01-01','MacBook Air 13\"'),(58,'306471-OP',306471,'2012-12-01',1092.46,22,0,'2016-12-01','Latitude E5530'),(59,'305871-OM',305871,'2012-07-01',1605,24,0,'2016-07-01','MacBook Air 13\"'),(60,NULL,314902,NULL,0,23,0,NULL,NULL),(61,NULL,314901,NULL,0,23,0,NULL,NULL),(62,NULL,314211,'2019-03-15',2042.11,26,0,'2023-03-15',NULL);
/*!40000 ALTER TABLE `staff_computers` ENABLE KEYS */;
UNLOCK TABLES;

--
-- Table structure for table `fake_departments`
--

DROP TABLE IF EXISTS `fake_departments`;
/*!40101 SET @saved_cs_client     = @@character_set_client */;
/*!40101 SET character_set_client = utf8 */;
CREATE TABLE `fake_departments` (
  `ID` int(11) DEFAULT NULL,
  `Field1` varchar(255) DEFAULT NULL
) ENGINE=InnoDB DEFAULT CHARSET=latin1;
/*!40101 SET character_set_client = @saved_cs_client */;

--
-- Dumping data for table `fake_departments`
--

LOCK TABLES `fake_departments` WRITE;
/*!40000 ALTER TABLE `fake_departments` DISABLE KEYS */;
INSERT INTO `fake_departments` VALUES (1,'Administration & Management'),(2,'Plot Holes & Contrivances'),(3,'Antagonism'),(4,'Localization'),(5,'Absurdism'),(6,'Aesthetics & Character Design');
/*!40000 ALTER TABLE `fake_departments` ENABLE KEYS */;
UNLOCK TABLES;

--
-- Table structure for table `fake_staff`
--

DROP TABLE IF EXISTS `fake_staff`;
/*!40101 SET @saved_cs_client     = @@character_set_client */;
/*!40101 SET character_set_client = utf8 */;
CREATE TABLE `fake_staff` (
  `ID` int(11) NOT NULL AUTO_INCREMENT,
  `FIrst_Name` varchar(255) DEFAULT NULL,
  `Last_Name` varchar(255) DEFAULT NULL,
  `Email` varchar(255) DEFAULT NULL,
  `Department_Code` int(11) DEFAULT NULL,
  `Branch` tinyint(1) DEFAULT NULL,
  `Admin_Status` tinyint(1) DEFAULT NULL,
  PRIMARY KEY (`ID`)
) ENGINE=InnoDB AUTO_INCREMENT=28 DEFAULT CHARSET=latin1;
/*!40101 SET character_set_client = @saved_cs_client */;

--
-- Dumping data for table `fake_staff`
--

LOCK TABLES `fake_staff` WRITE;
/*!40000 ALTER TABLE `fake_staff` DISABLE KEYS */;
INSERT INTO `fake_staff` VALUES (1,'Nicole','Coonen','nicolecoonen@gmail.com',1,0,1),(2,'Giorno','Giovanna','GioGioVA@jojo.org',1,0,0),(3,'Dio','Brando','DIO@nojo.org',3,0,1),(4,'Caesar','Zepelli','CaesarChan@jojo.org',4,0,0),(5,'Localization','Department','culturalconversions@jojo.org',4,0,0),(6,'Ermes','Costello','kiss@jojo.org',5,0,0),(7,'Narciso','Anasui','diverdown@jojo.org',6,0,0),(8,'Enrico','Pucci','madeinheavan@nojo.org',3,0,0),(9,'Muhammed','Avdol','magicianred@jojo.org',2,0,0),(10,'Rohan','Kishibe','heavansdoor@jojo.org',6,1,0),(11,'Plot Holes & Contrivances','Department','arakiforgot@jojo.com',2,0,0),(12,'Antagonism','Department','scum&villanry@nojo.org',3,0,0),(13,'Trish','Una','spicegirl@jojo.org',6,0,0),(14,'Leone','Abbachio','moodyblues@jojo.org',5,0,1),(15,'Joseph','Joestar','JoJoBT@jojo.org',5,0,0),(16,'Lisa','Lisa','superaja@jojo.org',2,0,0),(17,'Jolyne','Kujo','JoJoSO@jojo.org',5,0,0),(18,'Jotaro','Kujo','JoJoSC@jojo.org',2,0,0),(19,'Josuke','Higashikata','JoJoDiU@jojo.org',6,0,0),(20,'Noriaki','Kakyoin','emeraldsplash@jojo.org',4,0,0),(21,'R.E.O.','Speedwagon','JoBro@jojo.org',5,1,0),(22,'Jonathan','Joestar','JoJoPB@jojo.org',2,1,0),(23,'Kars','Pillarman','ultimatelifeform@nojo.org',3,0,0),(24,'Absurdism','Department','whynot@jojo.org',5,0,0),(25,'Aesthetics & Character Design','Department','whoDressedYou@jojo.org',6,0,0),(26,'Yoshikage','Kira','killerqueen@nojo.org',3,1,0),(27,'Bruno','Bucciarati','stickyfingers@jojo.org',5,0,0);
/*!40000 ALTER TABLE `fake_staff` ENABLE KEYS */;
UNLOCK TABLES;

--
-- Table structure for table `tablets`
--

DROP TABLE IF EXISTS `tablets`;
/*!40101 SET @saved_cs_client     = @@character_set_client */;
/*!40101 SET character_set_client = utf8 */;
CREATE TABLE `tablets` (
  `ID` int(11) DEFAULT NULL,
  `Noncap` int(11) DEFAULT NULL,
  `Serial_Number` varchar(255) DEFAULT NULL,
  `Model` varchar(255) DEFAULT NULL,
  `User` int(11) DEFAULT NULL,
  `Purchase_Date` date DEFAULT NULL,
  `Purchase_Cost` double DEFAULT NULL,
  `Expected_Replacement` date DEFAULT NULL,
  `Notes` varchar(255) DEFAULT NULL
) ENGINE=InnoDB DEFAULT CHARSET=latin1;
/*!40101 SET character_set_client = @saved_cs_client */;

--
-- Dumping data for table `tablets`
--

LOCK TABLES `tablets` WRITE;
/*!40000 ALTER TABLE `tablets` DISABLE KEYS */;
INSERT INTO `tablets` VALUES (1,0,'DLXNR4QHG5WT','iPad',9,'2015-06-01',0,'2019-06-01','Cellular Network Enabled'),(2,308235,NULL,'iPad',5,'2013-12-01',0,'2017-12-01',NULL),(3,305918,NULL,'iPad',13,'2012-09-01',0,'2016-09-01',NULL),(4,313918,'DMPXQ9LSJF8K/MR7g2LL/A','iPad',1,'2018-12-03',299,'2022-12-03',NULL),(5,0,'0864cf3c','Nexus 7',10,'2013-08-01',0,'2017-08-01',NULL),(6,0,'9FTWHA6GHKJ','iPad mini',19,'2018-01-15',348.9,'2022-01-15',NULL),(7,0,'DLXNR3MHG5WT','iPad',11,'2015-06-01',0,'2019-06-01','Cellular Network Enabled'),(8,0,'DMPHNK1VDVGG','iPad',14,'2012-02-01',0,'2016-02-01','Cellular Network Enabled'),(9,0,'DMPVKB5UHLFD','iPad',13,'2018-01-12',422.6,'2022-01-12',NULL),(10,0,'DMVNLF4RG5VV','iPad',6,'2015-06-01',0,'2019-06-01',NULL),(11,0,'DQTNR2BYG5VV','iPad',0,'2015-06-01',0,'2019-06-01',NULL),(12,0,'F4KM18UFCMS','iPad mini',19,'2013-01-01',0,'2017-01-01',NULL),(13,0,'R9WNA096XLJ',NULL,3,'2020-12-01',0,'2024-12-01',NULL),(14,307785,NULL,'iPad',0,'2013-08-01',0,'2017-08-01',NULL),(15,309870,NULL,'iPad',0,'2014-11-01',0,'2018-11-01',NULL),(16,309511,NULL,'ipad',0,'2014-09-01',499,'2018-09-01',NULL),(17,313060,NULL,'iPad',14,'2018-01-15',299,'2022-01-15',NULL),(18,0,'DLXNN6JLG5VV','iPad',0,'2015-06-01',0,'2019-06-01','Includes case and bluetooth keyboard'),(19,0,'057f7200','Nexus 7',0,'2013-08-01',0,'2017-08-01',NULL);
/*!40000 ALTER TABLE `tablets` ENABLE KEYS */;
UNLOCK TABLES;

--
-- Table structure for table `graveyard`
--

DROP TABLE IF EXISTS `graveyard`;
/*!40101 SET @saved_cs_client     = @@character_set_client */;
/*!40101 SET character_set_client = utf8 */;
CREATE TABLE `graveyard` (
  `ID` int(11) NOT NULL AUTO_INCREMENT,
  `Device_Name` varchar(255) DEFAULT NULL,
  `Noncap` varchar(255) DEFAULT NULL,
  `Model` varchar(255) DEFAULT NULL,
  `Vendor` varchar(255) DEFAULT NULL,
  `Vendor_Name` varchar(255) DEFAULT NULL,
  `Date_Removed` date DEFAULT NULL,
  `Sent_To` varchar(255) DEFAULT NULL,
  `Notes` varchar(255) DEFAULT NULL,
  `Purchase_Cost` double DEFAULT NULL,
  `Recallable` tinyint(1) DEFAULT NULL,
  `Origin_Table` varchar(255) NOT NULL,
  PRIMARY KEY (`ID`)
) ENGINE=InnoDB AUTO_INCREMENT=48 DEFAULT CHARSET=latin1;
/*!40101 SET character_set_client = @saved_cs_client */;

--
-- Dumping data for table `graveyard`
--

LOCK TABLES `graveyard` WRITE;
/*!40000 ALTER TABLE `graveyard` DISABLE KEYS */;
INSERT INTO `graveyard` VALUES (1,'L3102-01-LP','312151/300936','HP 8300',NULL,NULL,'2021-03-15','Surplus','Motherboard failure. Last ticket #INC0019076.					',0,0,'computers'),(3,'L3102-04-LP','null','HP 8300',NULL,NULL,'2021-03-15','iCIT','Last Ticket: INC0020009 Boot in repair mode only			',0,0,'computers'),(4,'311887-OP','311887','HP 800 G1',NULL,NULL,'2020-08-01','iCIT','In Storage',0,1,'staff_computers'),(5,'310708-OP','310708','HP  800 G1',NULL,NULL,'2021-03-24','iCIT','In Storage',0,1,'staff_computers'),(7,'308505-OP','308505','HP 8300 SFF',NULL,NULL,'2108-01-01','iCIT','In Storage',1047.44,1,'staff_computers'),(8,'310575-OM','310575','MacBook Pro',NULL,NULL,'2019-04-01','iCIT','In Storage',1776,1,'staff_computers'),(9,'310825-OM','310825','iMac',NULL,NULL,'2019-04-01','iCIT','In Storage',1978,1,'staff_computers'),(10,'308373-OP','308373','HP  8300 AiO',NULL,NULL,NULL,'iCIT','In Storage',1089.46,1,'staff_computers'),(11,'310459-OP','310459','Dell Latitude',NULL,NULL,'2020-09-18','iCIT','In Storage',0,1,'staff_computers'),(12,'306490-OP','306490','Dell Optiplex 9010',NULL,NULL,'2021-06-11','Surplus','Listed \"In Use\" in old database, but could not be located. Presumed sent to surplus.',1141.57,0,'staff_computers'),(13,'314183-OM','314183','iMac',NULL,NULL,'2021-06-11','Surplus','Listed \"In Use\" in old database, but could not be located. Presumed sent to surplus.',1648,0,'staff_computers'),(14,'312424-OP','312424','HP Elitedesk 800 G2 SFF',NULL,NULL,'2021-06-11','Surplus','Listed \"In Use\" in old database, but could not be located. Presumed sent to surplus.',891.68,0,'staff_computers'),(15,'L1105-08-LP','308014','HP 8300 AIO',NULL,NULL,'2020-06-01','Other','Stored in Systems Workroom',0,1,'computers'),(16,'L1105-06-LP','308017','HP 8300 AIO',NULL,NULL,'2020-06-01','Other','Stored in Systems Workroom',0,1,'computers'),(17,'L2211-03-LP','311593','HP 800 AIO',NULL,NULL,'2020-06-01','Other','Stored in Systems Workroom',0,1,'computers'),(18,'L2211-27-LP','311602','HP 800 AIO',NULL,NULL,'2020-06-01','Other','Stored in Systems Workroom',0,1,'computers'),(19,'L2211-18-LP','311611','HP 800 AIO',NULL,NULL,'2020-06-01','Other','Stored in Systems Workroom',0,1,'computers'),(20,'L2211-02-LP','311595','HP 800 AIO',NULL,NULL,'2020-06-01','Other','Stored in Systems Workroom',0,1,'computers'),(21,'L1105-05-LP','308016','HP 8300 AIO',NULL,NULL,'2020-06-01','Other','Stored in Systems Workroom',0,1,'computers'),(22,'L2211-25-LP','311610','HP 800 AIO',NULL,NULL,'2020-06-01','Other','Stored in Systems Workroom',0,1,'computers'),(23,'L1105-09-LP','308010','HP 8300 AIO',NULL,NULL,'2020-06-01','Other','Stored in Systems Workroom',0,1,'computers'),(24,'L2211-08-LP','311589','HP 800 AIO',NULL,NULL,'2020-06-01','Other','Stored in Systems Workroom',0,1,'computers'),(25,'L2211-22-LP','311606','HP 800 AIO',NULL,NULL,'2020-06-01','Other','Stored in Systems Workroom',0,1,'computers'),(26,'L2211-23-LP','311596','HP 800 AIO',NULL,NULL,'2020-06-01','Other','Stored in Systems Workroom',0,1,'computers'),(27,'L2211-11-LP','311586','HP 800 AIO',NULL,NULL,'2020-06-01','Other','Stored in Systems Workroom',0,1,'computers'),(28,'L2211-05-LP','311585','HP 800 AIO',NULL,NULL,'2020-06-01','Other','Stored in Systems Workroom',0,1,'computers'),(29,'L2211-10-LP','311584','HP 800 AIO',NULL,NULL,'2020-06-01','Other','Stored in Systems Workroom',0,1,'computers'),(30,'L2211-06-LP','311591','HP 800 AIO',NULL,NULL,'2020-06-01','Other','Stored in Systems Workroom',0,1,'computers'),(31,'L2211-15-LP','311580','HP 800 AIO',NULL,NULL,'2020-06-01','Other','Stored in Systems Workroom',0,1,'computers'),(32,'L2211-14-LP','311594','HP 800 AIO',NULL,NULL,'2020-06-01','Other','Stored in Systems Workroom',0,1,'computers'),(33,'ICIT311765','311765','HP 800',NULL,NULL,'2020-06-01','Other','Stored in Systems Workroom',0,1,''),(34,'L2101-07-LP','310717','HP 800',NULL,NULL,'2020-06-01','Other','Stored in Systems Workroom',0,1,'computers'),(35,'L2101-24-LP','306954','HP 8300 ',NULL,NULL,'2020-06-01','Other','Stored in Systems Workroom',0,1,'computers'),(36,'L2201-04-LM','312678','iMac 2015',NULL,NULL,'2020-06-01','Other','Stored in Systems Workroom',0,1,'computers'),(37,'L2107-02-LP','307497','HP 8300',NULL,NULL,'2020-06-01','Other','Stored in Systems Workroom',0,1,'computers'),(38,'L2101-16-LP','309727','HP 800',NULL,NULL,'2020-06-01','Other','Stored in Systems Workroom',0,1,'computers'),(39,'309803MiscICIT','309803','HP 800',NULL,NULL,'2020-06-01','Other','Stored in Systems Workroom',0,1,''),(40,'Not Labeled','307682','HP 8300',NULL,NULL,'2020-06-01','Other','Stored in Systems Workroom',0,1,''),(41,'L2213-03-LM','312682','iMac 2015',NULL,NULL,'2020-06-01','Other','Stored in Systems Workroom',0,1,'computers'),(42,'L2101-03-LP','309635','HP 8300',NULL,NULL,'2020-06-01','Other','Stored in Systems Workroom',0,1,'computers'),(43,'L2101-02-LP','307219','HP 8300 AIO',NULL,NULL,'2020-06-01','Other','Stored in Systems Workroom',0,1,'computers'),(44,'Not Labeled','308661','HP 800',NULL,NULL,'2020-06-01','Other','Stored in Systems Workroom',0,1,''),(45,'L2101-22-LP','307688','HP 8300',NULL,NULL,'2020-06-01','Other','Stored in Systems Workroom',0,1,'computers'),(46,'L2101-14-LP','309733','HP 800',NULL,NULL,'2020-06-01','Other','Stored in Systems Workroom',0,1,'computers');
/*!40000 ALTER TABLE `graveyard` ENABLE KEYS */;
UNLOCK TABLES;

--
-- Table structure for table `printers_and_scanners`
--

DROP TABLE IF EXISTS `printers_and_scanners`;
/*!40101 SET @saved_cs_client     = @@character_set_client */;
/*!40101 SET character_set_client = utf8 */;
CREATE TABLE `printers_and_scanners` (
  `ID` int(11) DEFAULT NULL,
  `Device_Name` varchar(255) DEFAULT NULL,
  `Model` varchar(255) DEFAULT NULL,
  `Vendor` varchar(255) DEFAULT NULL,
  `Vendor_Name` varchar(255) DEFAULT NULL,
  `Connection` float DEFAULT NULL,
  `Noncap` varchar(255) DEFAULT NULL,
  `Vendor_Website` varchar(50) DEFAULT NULL,
  `Vendor_Phone` varchar(255) DEFAULT NULL
) ENGINE=InnoDB DEFAULT CHARSET=latin1;
/*!40101 SET character_set_client = @saved_cs_client */;

--
-- Dumping data for table `printers_and_scanners`
--

LOCK TABLES `printers_and_scanners` WRITE;
/*!40000 ALTER TABLE `printers_and_scanners` DISABLE KEYS */;
INSERT INTO `printers_and_scanners` VALUES (1,'Printer 2101','Ricoh MP 9003','Ricoh','14124700',19,'Cap 159432','my.ricoh-usa.com','1-888-456-6457'),(2,'Printer 2107','Ricoh MP 9003','Ricoh','14126073',84,'Cap 159431','my.ricoh-usa.com','1-888-456-6457'),(3,'Printer 2201','HP LaserJet 9050dn','HP Support','688948',121,'Not Found','hp.com/go/mpsservice','1-800-745-2025'),(4,'Printer 3102','LaserJet Enterprise M606','HP Support','675954',234,' 311395','hp.com/go/mpsservice','1-800-745-2025'),(5,'Printer 1106','HP LaserJet 9050dn','HP Support','675953',281,' 302047','hp.com/go/mpsservice','1-800-745-2025'),(6,'Scanner 39-18','elo + iVina Monitor, SS A3 Bookedge FB6280E, BulletScan S400','Today\'s Business Solutions (TBS)','(Quiet Area)',230,'N/A','tbsit360.com','1-630-567-1370'),(7,'Scanner E6-F6','elo + iVina Monitor, SS A3 Bookedge FB6280E, BulletScan S400','Today\'s Business Solutions (TBS)','(Basement Right)',278,'N/A','tbsit360.com','1-630-567-1370'),(8,'Scanner AC-70','elo + iVina Monitor, SS A3 Bookedge FB6280E','Today\'s Business Solutions (TBS)','ARCHIVE',0,'N/A','tbsit360.com','1-630-567-1370'),(9,'Scanner 39-76','elo Monitor,SS A3 Bookedge FB6280E, Sheetfeed Scanner AD240','Today\'s Business Solutions (TBS)','(Basement Left)2',70,'N/A','tbsit360.com','1-630-567-1370'),(10,'Scanner 55-91','elo + iVina Monitor, SS A3 Bookedge FB6280E, BulletScan S400','Today\'s Business Solutions (TBS)','(Center)Simplescan',69,'N/A','tbsit360.com','1-630-567-1370'),(11,'Printer 2102','Ricoh MP C4504ex','Ricoh','14076611',0,'Cap 159440','my.ricoh-usa.com','1-888-456-6457'),(12,'Printer 2103','Ricoh MP 2554','Ricoh','13809759',0,'Not Found','my.ricoh-usa.com','1-888-456-6457');
/*!40000 ALTER TABLE `printers_and_scanners` ENABLE KEYS */;
UNLOCK TABLES;
/*!40103 SET TIME_ZONE=@OLD_TIME_ZONE */;

/*!40101 SET SQL_MODE=@OLD_SQL_MODE */;
/*!40014 SET FOREIGN_KEY_CHECKS=@OLD_FOREIGN_KEY_CHECKS */;
/*!40014 SET UNIQUE_CHECKS=@OLD_UNIQUE_CHECKS */;
/*!40101 SET CHARACTER_SET_CLIENT=@OLD_CHARACTER_SET_CLIENT */;
/*!40101 SET CHARACTER_SET_RESULTS=@OLD_CHARACTER_SET_RESULTS */;
/*!40101 SET COLLATION_CONNECTION=@OLD_COLLATION_CONNECTION */;
/*!40111 SET SQL_NOTES=@OLD_SQL_NOTES */;

-- Dump completed on 2021-07-12 17:46:41
